utc,symbol,file_utc,last_trade_et,spot,contracts,total_oi
2026-10-06T17:48:32,_NDX,2026-10-06 17:47:48,2026-10-06T13:32:47,31267.877,15914,197682
2026-10-06T17:48:32,QQQ,2026-10-06 17:47:37,2026-10-06T13:32:33,760.58,11422,12297629
2026-10-07T10:59:45,_NDX,2026-10-07 10:59:29,2026-10-06T16:14:59,31224.6855,17062,209670
2026-10-07T10:59:45,QQQ,2026-10-07 10:56:13,2026-10-06T15:59:59,756.01,11786,12890633
2026-10-07T17:45:56,_NDX,2026-10-07 17:45:45,2026-10-07T13:30:44,31121.5605,16148,202311
2026-10-07T17:45:56,QQQ,2026-10-07 17:45:10,2026-10-07T13:30:08,756.78,11432,12530435
2026-10-08T11:16:49,_NDX,2026-10-08 11:08:10,2026-10-07T16:14:59,31160.0762,16948,213834
2026-10-08T11:16:49,QQQ,2026-10-08 11:14:25,2026-10-07T15:59:59,751.92,11796,12908528
2026-10-08T17:58:06,_NDX,2026-10-08 17:57:50,2026-10-08T13:42:49,30689.4453,16010,205501
2026-10-08T17:58:06,QQQ,2026-10-08 17:57:14,2026-10-08T13:42:12,746.29,11442,12562512
2026-10-09T11:15:38,_NDX,2026-10-09 11:13:10,2026-10-08T16:14:59,30725.8086,16982,215494
2026-10-09T11:15:38,QQQ,2026-10-09 11:12:19,2026-10-08T15:59:59,753.65,11872,13160739
2026-10-09T17:31:50,_NDX,2026-10-09 17:31:31,2026-10-09T13:16:30,30849.6055,16076,208195
2026-10-09T17:31:50,QQQ,2026-10-09 17:30:51,2026-10-09T13:15:48,750.39,11518,12839810
